{"cameraMode":{"drawMode":0,"name":"Shaded","section":"Shading Mode"},"sceneLighting":true,"audioPlay":false,"sceneViewState":{"showFog":true,"showMaterialUpdate":false,"showSkybox":true,"showFlares":true,"showImageEffects":true,"showParticleSystems":true},"in2DMode":false,"pivot":{"x":-592.4849853515625,"y":-835.4912109375,"z":-152.15330505371095},"rotation":{"x":0.6339090466499329,"y":0.09099816530942917,"z":-0.07547198235988617,"w":0.7643202543258667},"size":730.005126953125,"orthographic":false}